Top queries,Clicks,Impressions,CTR,Position
simfab,1163,2894,40.19%,1.02
flight sim cockpit,460,4810,9.56%,4.1
flight simulator cockpit,256,5008,5.11%,5.52
flight sim rig,208,2962,7.02%,4.25
sim fab,201,463,43.41%,1
flight sim chair,154,3298,4.67%,5.23
flight simulator cockpit kit,132,2472,5.34%,3.99
dcs setup,111,1433,7.75%,5.05
flight sim setup,89,2478,3.59%,7.13
helicopter sim rig,82,348,23.56%,2.42
flight sim seat,76,1758,4.32%,6.31
flight simulator rig,76,1370,5.55%,4.55
sim racing accessories,74,1787,4.14%,9.61
dcs cockpit,74,449,16.48%,2.02
openwheeler,74,356,20.79%,1.17
simfab dcs,73,243,30.04%,1.01
dcs flight sim setup,67,332,20.18%,1.75
simfab chair,64,212,30.19%,1.01
sim pit,55,648,8.49%,3.99
openwheeler gen3,55,253,21.74%,1.42
simfab cockpit,54,182,29.67%,1.01
cockpit simulator,52,2983,1.74%,7.14
open wheeler racing chair,52,283,18.37%,1.38
flight simulator setup,51,2246,2.27%,8.41
simfab seat,47,118,39.83%,1
open wheeler,46,431,10.67%,1.61
space sim cockpit,43,398,10.8%,2.84
dcs cockpit setup,43,173,24.86%,1.26
sim cockpit,42,2631,1.6%,10.24
helicopter flight simulator,42,387,10.85%,5.9
articulating arm keyboard tray,42,309,13.59%,4.7
flight cockpit,40,826,4.84%,5.88
flight sim cockpits,39,458,8.52%,3.51
flight simulator cockpit for sale,33,1054,3.13%,5.24
flight sim collective,32,590,5.42%,7.14
dcs simulator setup,32,240,13.33%,3.12
flight simulator seat,31,1116,2.78%,6.59
home flight simulator cockpit,31,763,4.06%,5.53
flight cockpit simulator,30,615,4.88%,6.13
f18 flight simulator,30,365,8.22%,4.36
flight simulator chair,29,1540,1.88%,5.43
flightsim cockpit,29,651,4.45%,2.6
flight sim cockpit setup,29,334,8.68%,4.15
dcs simpit,29,117,24.79%,1.45
f18 sim cockpit,28,290,9.66%,3.3
f18 cockpit simulator,28,267,10.49%,4.71
flight rig,27,368,7.34%,5.22
flight sim pit,27,351,7.69%,2.64
helicopter flight sim,27,324,8.33%,5.47
flight sim rigs,27,272,9.93%,3.68
dcs sim setup,26,127,20.47%,2.05
simfab flight seat,26,105,24.76%,1.01
flightsim rig,23,251,9.16%,3.4
arm rest for seat,23,211,10.9%,8.47
dcs rig,23,133,17.29%,1.78
dcs simulator cockpit,23,97,23.71%,1.25
simfab chair dcs,23,75,30.67%,1
helicopter sim cockpit,23,61,37.7%,1.87
sim racing accesorios,22,220,10%,6.74
openwheeler racing seat,22,116,18.97%,1.41
f-16 flight simulator cockpit for sale,21,224,9.38%,6.12
sim rig accessories,20,699,2.86%,9.4
f-18 flight simulator cockpit for sale,20,265,7.55%,3.38
sim flight cockpit,20,150,13.33%,3.88
simfab dcs flight sim modular cockpit,20,63,31.75%,1.02
flight simulator cockpits,19,486,3.91%,5.51
fighter jet simulator setup,19,362,5.25%,5.58
space sim setup,19,145,13.1%,3.68
f18 cockpit kaufen,18,82,21.95%,3.51
home helicopter flight simulator,18,59,30.51%,5.76
simfab dcs edition,18,36,50%,1
flight simulator for sale,17,338,5.03%,18.97
flight sim frame,17,250,6.8%,5.08
helicopter sim,17,247,6.88%,6.57
dcs home cockpit,17,118,14.41%,2.27
open wheeler gen 3,17,103,16.5%,3.28
flight sim cockpit frame,17,100,17%,4.95
dcs flight simulator setup,17,65,26.15%,1.86
flight sim chair setup,16,191,8.38%,4.83
open wheeler cockpit,16,80,20%,1.04
dcs sim rig,16,77,20.78%,1.13
simfab monitor stand,16,52,30.77%,1
winwing f18,15,505,2.97%,4.77
home flight simulator,15,485,3.09%,26.91
flight sim seats,15,190,7.89%,4.9
helicopter sim collective,15,171,8.77%,7.38
space sim rig,15,109,13.76%,3.5
dcs cockpits,15,90,16.67%,1.74
openwheeler gen 2,15,82,18.29%,2.43
sim racing seat riser,15,80,18.75%,3.2
f18 sim panels,15,50,30%,2.46
flight sim chairs,14,483,2.9%,5.69
flight simulator cockpit setup,14,387,3.62%,5.51
flight sim rig cockpit,14,98,14.29%,4.39
f-18 cockpit simulator,14,95,14.74%,4.05
openwheeler gen 3,14,87,16.09%,1.28
dcs cockpit build,14,79,17.72%,3.35
f18 cockpit,13,2493,0.52%,8.38
cockpit flight simulator,13,952,1.37%,7.05
dcs world setup,13,171,7.6%,6
f16 simpit,13,135,9.63%,6.24
complete helicopter flight simulator for home,13,84,15.48%,5.29
f18 cockpit for sale,13,77,16.88%,2.83
f18 flight sim,13,75,17.33%,3.35
dcs flight sim,12,2564,0.47%,7.81
flightsim chair,12,362,3.31%,6.44
f18 simulator,12,249,4.82%,6.76
helicopter flight simulator for home,12,183,6.56%,6.87
dcs set up,12,152,7.89%,6.12
moza ab9 mount,12,138,8.7%,5.76
f18 home cockpit,12,117,10.26%,5.02
f16 simulator price,12,91,13.19%,5.86
flight sim chassis,12,77,15.58%,2.68
racing seat covers,11,774,1.42%,5.67
airplane cockpit simulator,11,296,3.72%,3.63
flight sim setups,11,294,3.74%,6.86
airplane simulator cockpit,11,238,4.62%,3.77
helicopter simulator setup,11,215,5.12%,5.63
f16 cockpit simulator,11,147,7.48%,9.29
viper wing cockpit price,11,144,7.64%,6.95
f16 simulator cockpit,11,142,7.75%,5.75
flight sim base,11,135,8.15%,2.03
dcs setups,11,125,8.8%,2.57
flight simulator rigs,11,115,9.57%,3.72
simpit chair,11,81,13.58%,3.73
dcs sim cockpit,11,54,20.37%,1.28
openwheeler gen3 racing cockpit,11,47,23.4%,1.23
winwing cockpit,10,351,2.85%,2.5
home helicopter simulator,10,292,3.42%,5.7
flight sim helicopter collective,10,283,3.53%,7.54
home cockpit simulator,10,239,4.18%,4.68
flight simulators for sale,10,223,4.48%,11.54
f18 simulator cockpit,10,120,8.33%,4.38
f18 simpit,10,100,10%,4.22
full dcs setup,10,39,25.64%,2.36
dcs f18 cockpit for sale,10,32,31.25%,1.44
simulator cockpit,9,663,1.36%,11.92
flight chair,9,388,2.32%,6.18
flight simulator home cockpit,9,275,3.27%,5.85
home cockpit flight simulator,9,258,3.49%,5.21
plane cockpit simulator,9,255,3.53%,4.84
sim collective,9,141,6.38%,7.17
f18 cockpit dcs,9,122,7.38%,4.69
best dcs setup,9,102,8.82%,4.46
cockpit flight sim,9,81,11.11%,4.93
helicopter simulator rig,9,80,11.25%,4.3
f18 dcs cockpit,9,78,11.54%,3.91
dcs chair,9,76,11.84%,2.12
f 16 flight simulator,9,68,13.24%,10.35
dcs flight sim cockpit,9,22,40.91%,1.64
sim seat,8,583,1.37%,8.55
vpforce rhino,8,385,2.08%,6.26
dcs f18 cockpit,8,314,2.55%,4.18
helicopter cockpit simulator,8,291,2.75%,2.51
racing seat cover,8,252,3.17%,6.19
home cockpit,8,238,3.36%,11.37
dcs flight controls,8,129,6.2%,7.64
racing and flight sim cockpit,8,113,7.08%,4.32
flight sim kit,8,113,7.08%,5.44
flying sim rig,8,98,8.16%,4.11
home racer,8,78,10.26%,1.97
modular sim rig,8,73,10.96%,4.36
sim rig risers,8,72,11.11%,3.44
f18 sim,8,69,11.59%,4.36
flight sim seat setup,8,53,15.09%,4.7
flight sim full cockpit,8,50,16%,3.4
f18 cockpit sim,8,49,16.33%,3.78
homeracer,8,41,19.51%,1.88
g1000 simulator panel,7,719,0.97%,9
complete flight simulator for home,7,458,1.53%,13.33
in home flight simulator cockpit,7,296,2.36%,1.96
full cockpit flight simulator,7,294,2.38%,4.24
overhead monitor mount,7,275,2.55%,6.63
cockpit for flight simulator,7,268,2.61%,5.69
best flight sim chair,7,252,2.78%,4.57
flight sim cockpit for sale,7,251,2.79%,4.87
sim racing speakers,7,231,3.03%,7.26
flight simulator kit,7,225,3.11%,7.81
flight simulator seats,7,173,4.05%,5.92
flight simulator full cockpit,7,170,4.12%,3.09
sim racing parts,7,150,4.67%,8.77
best flight sim cockpit,7,138,5.07%,5.16
helicopter simulator,7,126,5.56%,7.72
flight simulator cabin,7,105,6.67%,5.91
viper wing f-18 cockpit price,7,95,7.37%,3.63
collective for flight sim,7,89,7.87%,7.87
sim racing seat cover,7,78,8.97%,2.49
flight simpit,7,77,9.09%,4.14
hybrid sim rig,7,76,9.21%,6.09
f16 sim cockpit,7,72,9.72%,6
dcs world cockpit,7,63,11.11%,3.06
sim helicopter collective,7,62,11.29%,6.95
moza ab9 mounting plate,7,57,12.28%,3.72
flight cockpits,7,55,12.73%,3.13
jet cockpit simulator,7,55,12.73%,5.07
fighter jet simulator for sale,7,51,13.73%,8.22
heli sim,7,49,14.29%,7.88
f-14 simulator cockpit,7,48,14.58%,6.1
helicopter home simulator,7,45,15.56%,4.67
flight simulator accessories,6,671,0.89%,9.75
flight sim accessories,6,409,1.47%,9.43
helicopter simulator for sale,6,334,1.8%,6.93
sim racing pedal plate,6,293,2.05%,5.73
f16 flight simulator,6,286,2.1%,16.06
flight sim peripherals,6,208,2.88%,6.11
flight and racing sim rig,6,205,2.93%,5.75
flight simulator panel kits,6,181,3.31%,10.17
racing and flight sim rig,6,174,3.45%,6.53
sim racing harness,6,167,3.59%,6.21
flight sim gaming chair,6,137,4.38%,5.71
best flight simulator cockpit,6,128,4.69%,4.98
simpit,6,119,5.04%,7.55
full cockpit flight simulator for sale,6,108,5.56%,3.95
sim pedal plate,6,105,5.71%,7.53
helicopter collective flight sim,6,104,5.77%,8.01
realistic flight simulator cockpit,6,97,6.19%,5.47
fighter jet simulator cockpit,6,91,6.59%,4.88
sim racing speaker mounts,6,82,7.32%,6.67
flight simulator kit cockpit,6,76,7.89%,4.17
sim rig speakers,6,73,8.22%,5.6
flight sim for sale,6,73,8.22%,12.4
flight sim seat cockpit,6,68,8.82%,5.68
sim flight seat,6,61,9.84%,5.67
helicopter simulator chair,6,58,10.34%,2.72
viperwing cockpit price,6,47,12.77%,7.38
helicopter flight simulator cockpit,6,36,16.67%,1.33
openwheeler cockpit,6,26,23.08%,1.08
sim rig arm rest,6,26,23.08%,2.08
dcs flight simulator,5,464,1.08%,9.29
flight sim parts,5,450,1.11%,13.7
racing simulator accessories,5,388,1.29%,10.93
dcs f16 cockpit,5,239,2.09%,6.13
sim seats,5,232,2.16%,9.77
vr headset for flight simulator,5,207,2.42%,8.94
f-18 simulator,5,193,2.59%,5.85
helicopter collective for flight simulator,5,190,2.63%,8.43
sim monitor stand,5,186,2.69%,8.6
msfs cockpit,5,185,2.7%,6.64
helicopter flight simulator for sale,5,171,2.92%,6.26
flight simulator chair setup,5,161,3.11%,5.58
f 18 cockpit simulator,5,135,3.7%,3.64
g1000 simulator,5,127,3.94%,9.04
sim rig speaker mounts,5,122,4.1%,6.84
f16 cockpit dcs,5,115,4.35%,5.95
full flight sim setup,5,103,4.85%,6.72
f16 dcs cockpit,5,86,5.81%,5.93
flying simulator cockpit,5,81,6.17%,4.1
flight simulator hardware,5,81,6.17%,72.4
f16 home cockpit,5,78,6.41%,10.03
f16 flight sim,5,77,6.49%,6.66
f 16 sim cockpit,5,75,6.67%,6.12
dcs f-16 cockpit,5,74,6.76%,5.5
racing flight sim rig,5,74,6.76%,6.22
buy flight simulator cockpit,5,73,6.85%,6.29
fighter jet sim setup,5,72,6.94%,5.74
helicopter simulator collective,5,71,7.04%,8.9
helicopter simulator cockpit,5,70,7.14%,2.31
flight simulators for home,5,70,7.14%,25.93
flight sim hotas,5,66,7.58%,13.23
f18 panel,5,62,8.06%,6.21
complete flight simulator,5,62,8.06%,10.97
modular cockpit,5,47,10.64%,2
f18 panels,5,47,10.64%,6.66
sim flying cockpit,5,42,11.9%,4.07
flight sim rig setup,5,42,11.9%,7.67
flight sim modules,5,40,12.5%,5.38
home cockpit for sale,5,35,14.29%,9.4
open wheel sim racing,5,34,14.71%,2.76
flight simulator full cockpit setup,5,34,14.71%,6.03
flight simulator base,5,30,16.67%,4.4
simfab flight sim,5,23,21.74%,2.48
space simulator cockpit,5,23,21.74%,3
helicopter collective for pc,5,12,41.67%,2.25
sim chair,4,396,1.01%,7.51
flight sim set up,4,386,1.04%,7.53
flight sim,4,364,1.1%,20.36
flight simulator chairs,4,359,1.11%,6.79
full flight simulator setup,4,334,1.2%,8.5
best vr headset for dcs,4,314,1.27%,9.06
flight simulator frame,4,294,1.36%,4.68
racing sim accessories,4,242,1.65%,5.95
fighter jet cockpit for sale,4,208,1.92%,9.89
f16 simulator,4,203,1.97%,18.91
sim racing rig accessories,4,194,2.06%,23.34
keyboard tray arm,4,175,2.29%,9.57
flight simulator setups,4,141,2.84%,6.14
5 pin mini din cable,4,140,2.86%,2.87
flight simulator cockpits for sale,4,132,3.03%,3.69
moza ab9 mounting,4,122,3.28%,5.28
flight simulator vr headset,4,120,3.33%,9.03
sim accessories,4,109,3.67%,8.17
home flight sim cockpit,4,106,3.77%,3.78
complete flight simulator setup,4,105,3.81%,7.43
fighter jet cockpit simulator,4,95,4.21%,8.52
sim racing lumbar support,4,90,4.44%,7.41
racing sim parts,4,89,4.49%,8.94
flight control simulator cockpit,4,80,5%,5.16
sim racing and flight cockpit,4,74,5.41%,5.08
dcs helicopter simulator,4,69,5.8%,5.86
best flight sim rig,4,69,5.8%,6.42
sim racing accesories,4,66,6.06%,6.33
space sim chair,4,64,6.25%,4.73
flight stick extension,4,60,6.67%,7.53
flight seat sim,4,58,6.9%,8.76
helicopter cockpit for sale,4,57,7.02%,2.58
dcs f-18 cockpit,4,53,7.55%,3.77
sim racing pedal mount,4,51,7.84%,16.67
home fighter jet simulator,4,49,8.16%,7.29
aircraft simulator cockpit,4,47,8.51%,5.34
flightsim collective,4,43,9.3%,7.26
sim cockpit accessories,4,41,9.76%,4.85
ow racing seat,4,39,10.26%,1.38
custom flight simulator cockpit,4,39,10.26%,2.41
f 16 flight simulator cockpit for sale,4,37,10.81%,7.14
f16 cockpit for sale,4,36,11.11%,5.78
heli sim rig,4,32,12.5%,4.22
f-16 sim cockpit,4,27,14.81%,7.41
simfab modular flight simulator cockpit,4,15,26.67%,1
openwheeler gen3 racing seat,4,14,28.57%,1.14
dcs sim,3,746,0.4%,8.33
flight simulator hardware cockpit,3,556,0.54%,6.44
sim racing seat,3,389,0.77%,43.71
flight sim home cockpit,3,310,0.97%,3.87
flying simulator setup,3,251,1.2%,5.6
flight sim mfd,3,230,1.3%,8.6
sim racing tv stand,3,225,1.33%,10.29
simulator seat,3,216,1.39%,9.63
flight simulator setup for sale,3,211,1.42%,16.39
at home flight simulator,3,193,1.55%,16.59
flight simulator collective,3,185,1.62%,7.94
race seat covers,3,167,1.8%,6.78
full flight sim cockpit,3,164,1.83%,3.4
pedal plate,3,159,1.89%,8.07
flight sim hardware,3,143,2.1%,72.26
flight sim g1000,3,134,2.24%,10.96
winwing full cockpit,3,126,2.38%,2.9
flight simulation cockpit,3,126,2.38%,3.02
f-18 cockpit for sale,3,123,2.44%,2.26
moza universal mounting plate,3,115,2.61%,9.98
chair for flight simulator,3,107,2.8%,5.88
flight sim avionics panel,3,106,2.83%,8.83
flight simulator station,3,97,3.09%,4.45
flight simulator home,3,93,3.23%,22.39
aircraft cockpit for sale,3,91,3.3%,9.75
jet simulator cockpit,3,85,3.53%,4.92
sim rig pedal plate,3,82,3.66%,7.76
f-16 cockpit simulator,3,81,3.7%,9.42
flight simulator stand,3,80,3.75%,14.14
plane simulator cockpit,3,78,3.85%,5.28
home flight simulator for sale,3,72,4.17%,39.74
winwing,3,67,4.48%,4.79
helicopter flight sim collective,3,66,4.55%,8.29
aircraft cockpit simulator,3,64,4.69%,5.53
flight seat simulator,3,64,4.69%,6.08
direct drive cockpit,3,63,4.76%,6.52
simchair,3,60,5%,5.33
f-16 simulator cockpit,3,60,5%,6.23
dcs flight panels,3,53,5.66%,7.34
racing sim speakers,3,51,5.88%,5.41
flight sim cockpit seat,3,49,6.12%,4.86
simpits,3,48,6.25%,5.25
home simulator cockpit,3,47,6.38%,5.89
fighter jet sim rig,3,45,6.67%,5.89
thrustmaster stick extension,3,44,6.82%,8.23
f 16 cockpit simulator price,3,43,6.98%,5.4
at home helicopter simulator,3,42,7.14%,6.74
sim rig parts,3,40,7.5%,6.53
f-18 flight simulator cockpit,3,37,8.11%,1.41
helicopter flight sim setup,3,37,8.11%,6.51
sim cock pit,3,37,8.11%,9.19
flight sim set ups,3,36,8.33%,7.08
dcs f18 cockpit build,3,33,9.09%,5.03
custom flight simulator,3,32,9.38%,4.31
universal sim pedal plate,3,31,9.68%,6.58
simulator parts,3,31,9.68%,7.06
sim racing wheel plate,3,31,9.68%,7.32
buy a flight simulator cockpit,3,30,10%,6.37
car seat lift kit,3,30,10%,10.07
openwheeler gen3 racing wheel stand cockpit,3,27,11.11%,1
moza shifter plate,3,24,12.5%,5.12
full flight simulator for home,3,23,13.04%,15.48
f18 cockpit build,3,21,14.29%,9.76
race seat lumbar support,3,21,14.29%,11.52
f18 flight sim cockpit,3,17,17.65%,2.76
collective helicopter simulator,3,15,20%,9
complete flight simulator for sale,3,14,21.43%,4.21
f18 sim pit,3,12,25%,1.25
helicopter sim chair,3,12,25%,1.58
sim pits,3,12,25%,3.67
simpit dcs,3,11,27.27%,1.45
plane sim,3,11,27.27%,22.82
racing sim seat,2,766,0.26%,15.41
flight simulator gaming chair,2,458,0.44%,6.04
vr cockpit,2,396,0.51%,6.58
aviatek,2,367,0.54%,5.64
winwing simulator,2,323,0.62%,4.83
flight simulator for home,2,323,0.62%,16.38
sim cockpits,2,305,0.66%,10.7
sim racing monitor stand,2,260,0.77%,17.17
sim racing cockpit accessories,2,250,0.8%,5.64
dcs vr headset,2,229,0.87%,7.92
simulator chair,2,224,0.89%,10.63
vpforce,2,220,0.91%,7.19
flight simulator kits,2,200,1%,8.6
g1000 sim,2,197,1.02%,10.92
flight gaming chair,2,195,1.03%,5.59
in home flight simulator,2,190,1.05%,13.37
flight simulator full setup,2,156,1.28%,8.31
flightsim seat,2,154,1.3%,6.58
flight setup,2,145,1.38%,7.87
f-16 flight simulator,2,145,1.38%,28.09
seat for flight simulator,2,142,1.41%,3.84
hotas flight sim,2,136,1.47%,8.87
simulation cockpit,2,133,1.5%,6.85
triple tv stand,2,132,1.52%,8.19
flight simulator equipment,2,131,1.53%,70.81
full flight sim,2,128,1.56%,9.07
moza ab9 extension,2,124,1.61%,7.55
flight chair gaming,2,120,1.67%,5.28
racing bucket seat covers,2,112,1.79%,8.88
triple tv mount,2,111,1.8%,7.05
rhino ffb,2,104,1.92%,7.31
buy cockpit flight simulator,2,99,2.02%,1.52
viper wing simulator cost,2,94,2.13%,7.05
cockpit chair,2,86,2.33%,14.55
flight sim dcs,2,81,2.47%,8.64
flight sim and racing cockpit,2,80,2.5%,4.19
rhino ffb base,2,80,2.5%,6.83
winwing fa18,2,77,2.6%,5.06
logitech shifter adapter for moza,2,72,2.78%,7.14
flight simulator set ups,2,70,2.86%,5.6
hybrid cockpit,2,69,2.9%,6.74
cockpit for sale,2,69,2.9%,10.57
winwing home cockpit,2,68,2.94%,4.29
jet cockpit for sale,2,68,2.94%,8.25
collective flight sim,2,67,2.99%,8.43
simulator collective,2,65,3.08%,7.57
complete flight simulator package,2,65,3.08%,69.02
racing simulator parts,2,64,3.12%,8.06
racing seat cover replacement,2,63,3.17%,11.05
helicopter flight simulators,2,62,3.23%,7.69
f 16 cockpit simulator,2,62,3.23%,10.92
sim cockpit for racing and flight,2,61,3.28%,5.75
full cockpit simulator,2,60,3.33%,5.85
f16 sim,2,60,3.33%,8.65
winwing f18 cockpit,2,59,3.39%,2.32
pilot simulator setup,2,59,3.39%,6.97
f18 cockpit panels,2,58,3.45%,6.57
dcs motion simulator,2,55,3.64%,8.04
swinging keyboard tray,2,55,3.64%,8.49
dcs setup cost,2,51,3.92%,6.47
sim racing foot rest,2,51,3.92%,7
best at home flight simulator,2,50,4%,23.64
sim racing add ons,2,49,4.08%,6.33
sim rig keyboard and mouse tray,2,49,4.08%,8.61
gaming flight simulator cockpit,2,48,4.17%,4.62
pilot sim setup,2,48,4.17%,7.6
complete flight simulator cockpit,2,46,4.35%,5.83
flight sims,2,46,4.35%,46.02
best flight simulator chair,2,45,4.44%,5.62
sim racing vesa mount,2,45,4.44%,8.87
racing and flight simulator,2,44,4.55%,7.16
sim chairs,2,43,4.65%,10.47
flight sim pits,2,42,4.76%,2.12
openwheeler gen2,2,40,5%,2.2
digital combat simulator setup,2,39,5.13%,4.85
high end flight simulator,2,39,5.13%,8.74
winwing f18 panel,2,38,5.26%,6.18
playseat seat cover,2,38,5.26%,7.76
sim rig flight simulator,2,36,5.56%,9.36
cockpit builder,2,36,5.56%,40.72
heli flight sim,2,35,5.71%,8.26
racing seat lumbar support,2,34,5.88%,8
tv stand sim racing,2,34,5.88%,10.68
plane sim rig,2,32,6.25%,4.47
planesim,2,32,6.25%,8.09
dcs flight sim controls,2,31,6.45%,5.29
motion flight simulator for home,2,31,6.45%,46.94
f-16 dcs cockpit,2,29,6.9%,6.62
pilot simulator,2,29,6.9%,67.93
overhead monitor stand,2,28,7.14%,6.82
f 16 home cockpit,2,28,7.14%,8.68
fa 18 flight simulator,2,27,7.41%,6.7
flight sim home,2,26,7.69%,13.31
home flight simulators for sale,2,26,7.69%,13.77
flight simulator chair and controls,2,24,8.33%,3.92
best flight sim seat,2,24,8.33%,7.12
seat speaker,2,24,8.33%,7.54
bass shaker mount,2,23,8.7%,12.13
dcs flight setup,2,21,9.52%,2.29
heli sim collective,2,21,9.52%,9
f18 cockpit dimensions,2,21,9.52%,9.38
f 18 flight simulator cockpit for sale,2,19,10.53%,3.63
desktop flight simulator cockpit,2,19,10.53%,6.79
fighter jet flight simulator cockpit,2,19,10.53%,8.11
open wheeler seat,2,18,11.11%,1.5
pre built flight simulator,2,18,11.11%,3.72
at home flight sim,2,17,11.76%,8.12
racing monitor mount,2,14,14.29%,11.21
747 simulator for sale,2,13,15.38%,8.77
helicopter simulator for home,2,11,18.18%,1.91
playseat replacement seat cover,2,11,18.18%,9.91
open sim rigs,2,10,20%,18.1
space sim pit,2,9,22.22%,3.11
helicopter sim seat,2,8,25%,2.88
msfs home cockpit,2,8,25%,10.75
full cockpit flight sim,2,7,28.57%,2.43
monitor stand sim rig,2,6,33.33%,8.83
simfab combat flight sim pit,2,5,40%,1
flight sim desk,2,4,50%,4.5
faa approved flight simulator for home,2,3,66.67%,30.67
cockpit sim,1,387,0.26%,7.99
keyboard arm,1,386,0.26%,13.51
flight simulator parts,1,323,0.31%,30.05
microsoft flight simulator cockpit,1,308,0.32%,9
flight simulator components,1,289,0.35%,19.29
gaming flight chair,1,264,0.38%,4.07
f16 cockpit,1,258,0.39%,27.6
winwing sim,1,239,0.42%,3.68
aviatek g1000,1,214,0.47%,5.98
cockpit f18,1,212,0.47%,9.56
sim racing cockpit,1,201,0.5%,64.05
f-18 cockpit,1,188,0.53%,13.86
g1000 flight simulator,1,184,0.54%,10.68
simracing accessories,1,182,0.55%,7.82
full flight simulator cockpit,1,178,0.56%,2.04
f18c cockpit,1,176,0.57%,8.04
home flight simulator cockpit for sale,1,171,0.58%,2.76
articulating keyboard arm,1,168,0.6%,10.23
moza ab9 compatible sticks,1,167,0.6%,9.99
simlab triple monitor stand,1,166,0.6%,15.19
airplane cockpit controls simulator,1,165,0.61%,5.02
hotas rudder pedals,1,161,0.62%,9.32
g1000 flight sim,1,159,0.63%,9.66
at home flight simulator for sale,1,152,0.66%,13.68
airplane cockpit for sale,1,139,0.72%,11.2
helicopter simulator price,1,134,0.75%,13.65
cockpit plane simulator,1,127,0.79%,2.54
flying sim,1,123,0.81%,7.98
flight sim gear,1,123,0.81%,58.46
5 pin mini din connector,1,121,0.83%,6.08
cockpit flight simulator for sale,1,119,0.84%,9.21
sim flying rig,1,117,0.85%,2.91
flight sim cockpits for sale,1,117,0.85%,4.09
cockpit simulator for sale,1,117,0.85%,11.79
sim racing triple monitor stand,1,117,0.85%,19
flight simulator g1000,1,116,0.86%,10.95
triple monitor floor stand,1,112,0.89%,11.12
seat lift kit,1,110,0.91%,7.22
simseat,1,103,0.97%,7.63
moza shifter mount,1,102,0.98%,10.47
home flight sim,1,101,0.99%,17.34
avionics panel,1,93,1.08%,11.77
sim rig keyboard tray,1,92,1.09%,13.45
vpforce rhino price,1,87,1.15%,8.31
real sim gear g1000,1,84,1.19%,15.02
5 pin mini din,1,83,1.2%,3.82
sim racing tv mount,1,82,1.22%,5.52
race car seat covers,1,81,1.23%,12.19
sim triple monitor stand,1,78,1.28%,9.69
home cockpits,1,76,1.32%,20.46
triple monitor stand for sim racing,1,75,1.33%,12.61
sim cockpit seat,1,74,1.35%,8.82
orange racing seats,1,71,1.41%,3.46
sim rig monitor stand,1,71,1.41%,12.65
flight sim shop,1,70,1.43%,16.66
flight simulator set up,1,69,1.45%,11.04
keyboard swing arm,1,68,1.47%,5.65
swing arm keyboard tray,1,66,1.52%,5.36
g1000 sim panel,1,66,1.52%,8.77
winwing cockpit frame,1,63,1.59%,5.65
performance seat covers,1,63,1.59%,6.57
monitor floor stands,1,63,1.59%,15.83
flight simulator with cockpit,1,62,1.61%,4.39
flight sim mounts,1,62,1.61%,10.18
sim flight,1,62,1.61%,13.92
helicopter sim setup,1,61,1.64%,5.92
single monitor stand sim racing,1,57,1.75%,9.21
speaker monitor mount,1,56,1.79%,8.14
flying sim setup,1,55,1.82%,6.25
simulator accessories,1,55,1.82%,7.29
racing sim monitor mount,1,55,1.82%,10.16
home flight simulators,1,55,1.82%,47.69
keyboard and mouse arm,1,54,1.85%,4.19
f-18 flight simulator,1,54,1.85%,4.48
flight simulator complete setup,1,54,1.85%,8.04
sim racing pedal plates,1,53,1.89%,6.45
sim tv stand,1,53,1.89%,6.91
rudder pedal,1,53,1.89%,8.83
flight simulator package,1,53,1.89%,59.77
vr flight simulator cockpit,1,52,1.92%,3.56
sim racing cockpit with monitor mount,1,52,1.92%,14.27
flight simulator cockpit kopen,1,52,1.92%,23.33
cockpit simulators,1,51,1.96%,9
open sim wheel,1,50,2%,18.06
f-16 cockpit for sale,1,49,2.04%,5.96
flight sim stands,1,49,2.04%,25.84
racing seat lumbar cushion,1,48,2.08%,6
flight chair simulator,1,48,2.08%,6.08
moza ab9 desk mount,1,48,2.08%,7.06
f16 cockpit sim,1,47,2.13%,5.62
fighter jet sim cockpit,1,46,2.17%,5.61
cockpit simulator flight,1,46,2.17%,6.24
sim rig tv stand,1,45,2.22%,7.96
helicopter collective simulator,1,45,2.22%,8.42
cockpit game,1,45,2.22%,12.53
sim lab keyboard tray,1,45,2.22%,17.47
best home flight simulator cockpit,1,44,2.27%,9.27
vr headsets for dcs,1,42,2.38%,7.02
sim racing single monitor stand,1,42,2.38%,10.12
home aircraft simulator,1,42,2.38%,19.5
flight simulation chair,1,39,2.56%,4.85
triple monitor sim racing stand,1,39,2.56%,29.97
flight simulator motion chair,1,39,2.56%,35.77
flight sim g1000 panel,1,37,2.7%,6.81
flight simulation setup,1,37,2.7%,6.92
vr headset for dcs world,1,37,2.7%,7.84
simracing pedal plate,1,37,2.7%,8.97
msfs accessories,1,37,2.7%,9.41
complete home flight simulator,1,37,2.7%,14.84
flight simulator cockpit chair,1,36,2.78%,4.42
flight sim chair mounts,1,36,2.78%,9.36
aircraft simulator for sale,1,36,2.78%,31.28
microsoft flight sim cockpit,1,35,2.86%,7.17
best flight simulator cockpit kit,1,34,2.94%,4.88
flight sim cockpit chair,1,34,2.94%,5.12
fs cockpit,1,34,2.94%,20.91
pedal plates,1,33,3.03%,8.18
cessna 172 simulator panel,1,33,3.03%,10.18
flight sim seat only,1,32,3.12%,6.25
moza ab9 winwing adapter,1,32,3.12%,7.53
monitor mount floor stand,1,32,3.12%,8.81
cockpit msfs,1,32,3.12%,8.97
mini din 5 pin,1,31,3.23%,3.58
cockpitsim,1,31,3.23%,6.39
drop down monitor arms,1,31,3.23%,6.97
bucket seat neck pillow,1,31,3.23%,9.26
sim rig flight,1,30,3.33%,6.17
f-18c cockpit,1,30,3.33%,7.87
home airplane simulator,1,30,3.33%,41.57
moza sequential shifter mount,1,29,3.45%,8.48
flight sim stand,1,29,3.45%,31.55
flight simulator seat setup,1,28,3.57%,5.25
bracket kit,1,28,3.57%,91.89
simcockpit,1,27,3.7%,7.7
cockpit setup simulator,1,27,3.7%,7.85
mfd for flight sim,1,27,3.7%,9.63
best home flight simulator,1,27,3.7%,31.41
flight simulator machine,1,27,3.7%,66.15
sim parts,1,26,3.85%,10.92
vr for dcs,1,25,4%,7.32
racing cockpit seat,1,25,4%,13.84
helicopter simulators for sale,1,25,4%,18.68
f16 flight simulator cockpit,1,24,4.17%,6.08
pc cockpit setup,1,24,4.17%,10.54
flight sim room,1,23,4.35%,5.61
f-16 home cockpit,1,23,4.35%,8.13
collective sim,1,23,4.35%,8.17
farming sim cockpit,1,23,4.35%,9.39
universal seat risers,1,23,4.35%,10.57
sim racing keyboard tray,1,23,4.35%,21.96
simulation cockpits,1,23,4.35%,27.22
collective simulator,1,22,4.55%,7.55
f 16 simulator cockpit,1,22,4.55%,7.91
bass shaker seat mount,1,22,4.55%,9.68
full motion flight simulator for home,1,22,4.55%,45.14
cockpit direct drive,1,21,4.76%,10.48
helicopter flight simulator setup,1,21,4.76%,11.52
home flying simulator,1,21,4.76%,20.81
f-16 flight sim,1,20,5%,6.5
racing seat fabric,1,20,5%,7.75
f14 simpit,1,20,5%,8.55
sim rig cover,1,20,5%,9.4
f16 deskpit,1,20,5%,9.65
flightsim cockpits,1,19,5.26%,2.37
f-16 cockpit simulator price,1,19,5.26%,3
f 14 cockpit for sale,1,19,5.26%,6.95
thrustmaster handbrake mount,1,19,5.26%,7.68
fa18c cockpit,1,19,5.26%,8.11
f 16 cockpit dcs,1,19,5.26%,8.16
flight sim accessories for pc,1,19,5.26%,11.05
home flight simulator setup for sale,1,19,5.26%,11.89
hotas for flight simulator,1,19,5.26%,11.95
cessna 182 center console,1,19,5.26%,14.63
triple stand,1,19,5.26%,16.47
sim racing cockpit for direct drive,1,18,5.56%,7.11
seat flight simulator,1,18,5.56%,9.06
real flight simulator cockpit,1,18,5.56%,27.17
flight simulator cockpit seat,1,17,5.88%,4.82
single monitor floor stand,1,17,5.88%,7.71
sim rig add ons,1,17,5.88%,8.18
f18 seat,1,17,5.88%,9.94
sim lab pedal plate,1,17,5.88%,11
dcs setup for sale,1,16,6.25%,4.38
f 18 cockpit panels,1,16,6.25%,4.69
simulator plane cockpit,1,16,6.25%,8.06
how much does a flight simulator cockpit cost,1,16,6.25%,8.56
jet sim setup,1,16,6.25%,9.12
fighter jet simulator price,1,15,6.67%,3.67
heli sim setup,1,15,6.67%,8.13
star citizen simpit,1,15,6.67%,21.6
g3 cockpit,1,14,7.14%,3.57
cockpit kit,1,14,7.14%,7.93
sim lab flight sim,1,13,7.69%,7.46
pedal tray sim racing,1,13,7.69%,7.92
aircraft cockpits for sale,1,13,7.69%,8.08
full home flight simulator,1,13,7.69%,8.46
winwing stick extension,1,13,7.69%,8.46
sim racing setup accessories,1,13,7.69%,9.62
sim racing dd,1,13,7.69%,9.92
jet sim,1,13,7.69%,11.62
plane simulator for sale,1,13,7.69%,22.23
sim racing 4 point harness,1,12,8.33%,6.5
ultimate dcs setup,1,12,8.33%,7
airplane cockpit seat,1,12,8.33%,14.08
fighter jet flight simulator,1,12,8.33%,55.25
custom cockpit,1,11,9.09%,3.82
cessna 172 g1000 cockpit simulator,1,11,9.09%,7.64
moza ab9 adapter,1,11,9.09%,9.91
sim racing screen mount,1,11,9.09%,13.55
direct drive sim rig,1,11,9.09%,14.64
motion flight simulator cockpit,1,11,9.09%,35.55
fighter jet setup,1,10,10%,6.2
f16 sim panels,1,10,10%,10.7
flight simulator rig setup,1,10,10%,12.9
helicopter flight sims,1,10,10%,31.7
bass shaker mounting bracket,1,9,11.11%,4.89
f18 control panel,1,9,11.11%,5.33
f14 cockpit for sale,1,9,11.11%,5.44
throttle quadrant assembly,1,9,11.11%,9
virtual cockpit flight simulator,1,9,11.11%,10.44
hotas rig,1,9,11.11%,10.67
sim rig keyboard holder,1,9,11.11%,13.67
at home flight simulators,1,9,11.11%,45.11
flugsimulator cockpit kaufen,1,9,11.11%,75.67
sim chair flight,1,8,12.5%,4.5
cockpit simulator plane,1,8,12.5%,6
f15 simulator cockpit,1,7,14.29%,5.14
flight cockpit sim,1,7,14.29%,5.86
helicopter gaming setup,1,7,14.29%,6.71
sim racing refurbished,1,7,14.29%,12
thrustmaster warthog joystick extension,1,7,14.29%,12
sim cockpit cheap,1,7,14.29%,21.71
flightsim gear,1,7,14.29%,43.86
simulator flight cockpit,1,6,16.67%,4.33
nissan pathfinder seat riser,1,6,16.67%,4.67
flight and driving sim rig,1,6,16.67%,6.83
simfab coupon code,1,6,16.67%,6.83
wooden flight sim cockpit,1,6,16.67%,8.33
f-14 cockpit simulator,1,6,16.67%,8.5
jet flight sim,1,6,16.67%,18.17
best f-16 flight simulator,1,6,16.67%,24.83
flight simulator gear,1,6,16.67%,25.5
home motion flight simulator,1,6,16.67%,37.5
floght sim setup,1,5,20%,5.4
airplane simulator kit,1,5,20%,5.6
sim hotas,1,5,20%,6.2
kit simulateur helicoptere,1,5,20%,7.6
moza ab9 thrustmaster stick,1,5,20%,9.2
foldable racing chair,1,5,20%,10
flightsim headset,1,5,20%,10.2
flight sim desk setup,1,5,20%,15.8
triple screen monitor stand,1,5,20%,36.2
symulator f-16,1,4,25%,2.5
flight simulator desk,1,4,25%,6
sim racing belts,1,4,25%,6.5
pc helicopter collective,1,4,25%,9.25
flight simulator for helicopters,1,4,25%,43.5
sim seats driving simulators,1,4,25%,61.25
hubschrauber simulator kaufen,1,4,25%,82.75
gaming chair neck pillow,1,3,33.33%,1
racing flight simulator cockpit,1,3,33.33%,1.67
symulator f 16,1,3,33.33%,2
winwing uk,1,3,33.33%,2.67
flight simulator cockpit buy,1,3,33.33%,4.67
heli simulator,1,3,33.33%,6.33
best flight sim accessories,1,3,33.33%,8
simulateur f16,1,3,33.33%,9.33
sim racing keyboard mount,1,3,33.33%,12.33
flight simulator machine price,1,3,33.33%,59.33
flight simulation equipment,1,3,33.33%,66.67
plane builder simulator,1,3,33.33%,90
airplane simulator equipment,1,2,50%,1
seat height extender,1,2,50%,1
flight simulator setup for ps5,1,2,50%,1.5
above monitor mount,1,2,50%,3
flight setup simulator,1,2,50%,4
simnet pedal plate,1,2,50%,6
how much is a flight simulator setup,1,2,50%,6.5
rotorcraft cockpit,1,2,50%,6.5
neck pillow for gaming chair,1,2,50%,7
helicopter seat for sale,1,2,50%,8.5
airplane motion simulator,1,2,50%,13.5
cheap flight simulator setup,1,2,50%,15
winwing hotas,1,2,50%,20
helicopter flight sim hardware,1,2,50%,21
cockpit panel flight simulator,1,2,50%,25
simracing & flightsim holder,1,2,50%,26
simjack pedal plate,1,2,50%,28.5
cockpit rig,1,2,50%,34
stick extension,1,2,50%,38
hotas flight controls,1,2,50%,50
cheap sim racing setup,1,1,100%,1
full airplane simulator,1,1,100%,1
rc plane trainer simulator,1,1,100%,1
seating risers,1,1,100%,1
vrs pedal plate,1,1,100%,2
fighter jet simulator game,1,1,100%,3
microsoft flight simulator f-16,1,1,100%,3
sim racing heel plate,1,1,100%,3
brackets for monitors,1,1,100%,4
f16 demo,1,1,100%,4
winwing cyber taurus release date,1,1,100%,5
jagerfly simulator,1,1,100%,6
next level racing 2.0,1,1,100%,8
f16 hotas,1,1,100%,9
winwing black friday,1,1,100%,9
xbox flight simulator accessories,1,1,100%,9
flight simulators,0,645,0%,79.31
racing sim chair,0,455,0%,15.27
racing simulator seat,0,404,0%,25.68
seat frame,0,395,0%,10.06
full flight simulator,0,388,0%,56.64
cockpits,0,376,0%,14.67
sim fly,0,261,0%,20.38
5 pin din mini,0,257,0%,1.08
helicopter seat,0,251,0%,17.38
vr headset for dcs,0,245,0%,7.93
plane simulator setup,0,230,0%,6.44
mini din female 5pin,0,197,0%,10.92
fa18 cockpit,0,191,0%,8.85
sim racing chair,0,190,0%,23.31
rudder pedals for flight simulator,0,182,0%,12.4
av g1000 simulator,0,174,0%,4.93
mfd simulator,0,167,0%,10.29
digital combat simulator,0,165,0%,2.38
seat risers,0,162,0%,12.39
flight simulator avionics,0,160,0%,55.86
hotas winwing f18games,0,159,0%,18.95
5 pin extension cable,0,158,0%,33.78
flight simulator cockpit price,0,157,0%,8.15
f 18 flight simulator,0,153,0%,4.88
flight management system trainer,0,153,0%,28.24
f 16 cockpit,0,148,0%,50.19
flight simulator helicopter collective,0,146,0%,7.26
f 18 cockpit,0,144,0%,15.47
triple monitor stand,0,137,0%,40.42
professional flight simulator trainer g1000,0,134,0%,9.97
flight and racing simulator,0,134,0%,12.72
best flight simulator seats,0,132,0%,4.89
flight simulator accessories for pc,0,132,0%,14.64
vesa 100x100,0,131,0%,35.69
sim station,0,129,0%,7.91
monitor stand sim racing,0,125,0%,16.1
open wheeler gear shifter mount,0,123,0%,1.37
gaming chair for flight simulator,0,123,0%,6.11
flight simulator,0,123,0%,40.27
triple monitor stand sim racing,0,122,0%,18.68
flight deck simulator,0,122,0%,53.66
av g1000 simulator for sale,0,121,0%,3.49
flight sim parts kit,0,120,0%,7.61
sim rig monitor mount,0,117,0%,10.78
sim rig cockpit,0,117,0%,47.7
rudder pedals flight sim,0,116,0%,14.53
av g1000 simulator price,0,115,0%,3.13
mounted keyboard tray,0,114,0%,70.41
car seat riser kit,0,113,0%,12.58
flight simulator cockpit panel,0,113,0%,20.12
seat riser,0,112,0%,21.43
professional flight simulator cockpit,0,111,0%,7.76
cockpit seat,0,111,0%,22.99
best sim racing cockpit for direct drive,0,110,0%,10.74
side mount bracket,0,110,0%,45.35
flight sim equipment,0,110,0%,65.63
racing flight simulator,0,109,0%,12.9
helicopter bracket,0,107,0%,5.05
racing sim tv stand,0,107,0%,10.07
f 16 simulator,0,107,0%,39.72
full motion flight simulator,0,107,0%,67.7
sim racing cockpit accessories for sale,0,106,0%,4.69
sequential shifter adapter,0,106,0%,6.99
monitor stand for sim racing,0,106,0%,14.48
pedal plate sim racing,0,105,0%,8.67
flight fab,0,104,0%,10.92
flight simulator panel,0,104,0%,52.56
sim racing seats,0,103,0%,38.42
mini din connector 5 pins,0,101,0%,9.98
fly sim,0,100,0%,19.48
surround speaker mounts,0,100,0%,25.05
sim racing cockpits,0,99,0%,62.31
dcs,0,96,0%,10.27
cockpit sim parts,0,96,0%,28.69
race sim seat,0,95,0%,14.26
flightsim accessories,0,94,0%,6.44
helicopter simulator controls for sale,0,94,0%,56.4
accessori flight simulator,0,93,0%,6.65
racing sim monitor stand,0,93,0%,13.74
flight plate,0,92,0%,6.61
f-16 cockpit,0,91,0%,50.75
best vr headset for flight sim,0,90,0%,11.07
dd sim,0,89,0%,6.64
helicopter cockpit,0,89,0%,19.33
vp rhino,0,88,0%,8.61
triple monitor stand 32 inch sim racing,0,88,0%,13.35
rear speaker mount,0,86,0%,7.44
seat risers for chairs,0,86,0%,60.37
best triple monitor stands,0,86,0%,81.72
flight simulator accessories pc,0,85,0%,12.87
mount stand,0,85,0%,55.12
heli flight simulator,0,85,0%,56.67
glass cockpit,0,85,0%,86.84
trainer station,0,84,0%,9.3
vesa 100x100 mount,0,84,0%,35.57
3 monitor stands,0,84,0%,65.02
flight simulation hardware,0,84,0%,89.06
vesa mount 100x100,0,83,0%,27.12
general aviation flight simulator,0,82,0%,7.49
sim racing monitor mount,0,82,0%,11.95
mini din 5 pin connector,0,81,0%,3.12
flight simulator manufacturers,0,81,0%,83.46
crystal sim,0,80,0%,5.91
cockpit vr,0,80,0%,6.8
1 din extender cable,0,80,0%,11.25
fa 18 cockpit,0,80,0%,15.22
tv stand for sim racing,0,79,0%,9.89
dcs accessories,0,79,0%,9.99
flip down monitor mount,0,79,0%,13.06
floor standing vesa mount,0,79,0%,59.51
gaming chair monitor mount,0,77,0%,11.53
laptop articulating arm,0,77,0%,90.91
openwheeler gen3 racing wheel stand cockpit reviews,0,76,0%,6.12
sim lab triple monitor stand,0,76,0%,20.01
flight sim flight,0,76,0%,54.21
monitor stand single,0,76,0%,54.75
jet simulator setup,0,74,0%,7.47
dcs f18 price,0,74,0%,10.16
homemade flight simulator for sale,0,74,0%,19.89
monitor stand 3 screens,0,74,0%,73.42
full size flight simulator,0,73,0%,22.34
flight sim simulator,0,73,0%,31.74
airplane sim setup,0,72,0%,6.85
simulator seats,0,72,0%,9.57
g1000 simulator for sale,0,72,0%,9.72
plane rig,0,71,0%,6.66
freestanding triple monitor stand,0,71,0%,14.58
tray mounted keyboard,0,71,0%,40.63
rhino mount bracket,0,70,0%,9.51
racing sim seat and stand,0,70,0%,10.84
flight sim cockpit panel,0,70,0%,32.94
realsimgear g1000,0,70,0%,35.11
flight sim rudder pedals,0,69,0%,18.71
mini din 5 pin plug,0,68,0%,6.72
best sim racing cockpit accessories,0,68,0%,9.62
sim lab triple monitor mount,0,68,0%,14.79
3 inch monitor stand,0,68,0%,56.37
laptop swingarm,0,68,0%,81.81
gps accessories sim,0,67,0%,12.63
flight sim panels,0,67,0%,79.85
moza ab9 stick extension,0,66,0%,6.32
sim trainer,0,66,0%,14.71
best vr flight simulator accessories,0,66,0%,46.11
best chair for flight simulator,0,65,0%,6.42
pimax crystal sim,0,65,0%,7.68
pimax crystal official site,0,65,0%,7.82
openwheeler gen3 racing wheel stand cockpit product info and reviews,0,64,0%,3.59
flight simulator dcs,0,64,0%,9.27
floor stand vesa mount,0,64,0%,60.3
vesa connection,0,64,0%,66.09
flight sim panel,0,64,0%,77.59
custom risers,0,64,0%,84.3
used flight sim parts,0,63,0%,14.95
flight simulation,0,63,0%,76.27
speaker tray,0,62,0%,3.34
best sim rig for direct drive,0,62,0%,19.19
5 pin mini din adapter,0,62,0%,33.87
f18 mfd,0,62,0%,45.52
f18 winwing,0,61,0%,4.41
universal drill plate,0,61,0%,6.16
seat riser kit,0,61,0%,8.66
simulator monitor stand,0,61,0%,10.07
moza handbrake mount,0,61,0%,12.25
flight sim chair uk,0,61,0%,34.1
g1000 panel,0,60,0%,14.02
f-15 simulator seat,0,60,0%,17.65
full flight simulator for sale,0,60,0%,25.23
flight simulator cockpit hardware,0,60,0%,30.43
monitor mount adaptor,0,60,0%,46.27
gaming chair flight simulator,0,59,0%,6.15
winwing f-18,0,59,0%,6.37
flight sim mount,0,59,0%,11.02
vesa monitor mount adapter,0,59,0%,11.98
heavy duty base plate,0,59,0%,41.22
plane sim setup,0,58,0%,7.26
simseats,0,58,0%,9.78
f/a-18 cockpit,0,58,0%,9.97
seat covers for racing seats,0,58,0%,10
rudder pedals flight simulator,0,58,0%,27.64
sim rig mouse tray,0,57,0%,9.32
cessna 172 flight simulator cockpit for sale,0,57,0%,59.05
screen mount for 3 monitors,0,57,0%,79.39